Rank,Title,Link,Score,Episodes,Status,Studio,Producers,Type,Genres & Themes
1,Sousou no Frieren,https://myanimelist.net/anime/52991/Sousou_no_Frieren,9.32,28,Finished Airing,Madhouse,Aniplex,Shounen,"Adventure, Drama, Fantasy"
2,One Piece Fan Letter,https://myanimelist.net/anime/60022/One_Piece_Fan_Letter,9.19,1,Finished Airing,Toei Animation,add some,Shounen,"Action, Adventure, Fantasy"
3,Fullmetal Alchemist: Brotherhood,https://myanimelist.net/anime/5114/Fullmetal_Alchemist__Brotherhood,9.09,64,Finished Airing,Bones,Aniplex,Shounen,"Action, Adventure, Drama, Fantasy, Military"
4,Steins;Gate,https://myanimelist.net/anime/9253/Steins_Gate,9.07,24,Finished Airing,White Fox,Frontier Works,,"Drama, Sci-Fi, Suspense, Psychological, Time Travel"
5,Shingeki no Kyojin Season 3 Part 2,https://myanimelist.net/anime/38524/Shingeki_no_Kyojin_Season_3_Part_2,9.05,10,Finished Airing,Wit Studio,Production I.G,Shounen,"Action, Drama, Suspense, Gore, Military, Survival"
6,Gintama°,https://myanimelist.net/anime/28977/Gintama°,9.05,51,Finished Airing,Bandai Namco Pictures,TV Tokyo,Shounen,"Action, Comedy, Sci-Fi, Gag Humor, Historical, Parody, Samurai"
7,Gintama: The Final,https://myanimelist.net/anime/39486/Gintama__The_Final,9.04,1,Finished Airing,Bandai Namco Pictures,TV Tokyo,Shounen,"Action, Comedy, Drama, Sci-Fi, Gag Humor, Historical, Parody, Samurai"
8,Gintama',https://myanimelist.net/anime/9969/Gintama,9.03,51,Finished Airing,Sunrise,TV Tokyo,Shounen,"Action, Comedy, Sci-Fi, Gag Humor, Historical, Parody, Samurai"
9,Hunter x Hunter (2011),https://myanimelist.net/anime/11061/Hunter_x_Hunter_2011,9.03,148,Finished Airing,Madhouse,VAP,Shounen,"Action, Adventure, Fantasy"
10,Gintama': Enchousen,https://myanimelist.net/anime/15417/Gintama__Enchousen,9.02,13,Finished Airing,Sunrise,TV Tokyo,Shounen,"Action, Comedy, Sci-Fi, Gag Humor, Historical, Parody, Samurai"
11,Bleach: Sennen Kessen-hen,https://myanimelist.net/anime/41467/Bleach__Sennen_Kessen-hen,9.01,13,Finished Airing,Pierrot,TV Tokyo,Shounen,"Action, Adventure, Supernatural"
12,Bleach: Sennen Kessen-hen - Soukoku-tan,https://myanimelist.net/anime/56784/Bleach__Sennen_Kessen-hen_-_Soukoku-tan,9.01,34,Currently Airing,Pierrot Films,Pierrot,Shounen,"Action, Adventure, Supernatural"
13,Ginga Eiyuu Densetsu,https://myanimelist.net/anime/820/Ginga_Eiyuu_Densetsu,9.01,110,Finished Airing,K-Factory,TV Tokyo,,"Drama, Sci-Fi, Adult Cast, Military, Space"
14,Kaguya-sama wa Kokurasetai: Ultra Romantic,https://myanimelist.net/anime/43608/Kaguya-sama_wa_Kokurasetai__Ultra_Romantic,9.00,13,Finished Airing,A-1 Pictures,Aniplex,Seinen,"Comedy, Romance, School"
15,Gintama.,https://myanimelist.net/anime/34096/Gintama,8.98,12,Finished Airing,Bandai Namco Pictures,TV Tokyo,Shounen,"Action, Comedy, Sci-Fi, Gag Humor, Historical, Parody, Samurai"
16,Fruits Basket: The Final,https://myanimelist.net/anime/42938/Fruits_Basket__The_Final,8.96,13,Finished Airing,TMS Entertainment,TV Tokyo,Shoujo,"Drama, Romance, Supernatural"
17,Clannad: After Story,https://myanimelist.net/anime/4181/Clannad__After_Story,8.93,24,Finished Airing,Kyoto Animation,Pony Canyon,,"Drama, Romance, Supernatural"
18,Gintama,https://myanimelist.net/anime/918/Gintama,8.93,201,Finished Airing,Sunrise,TV Tokyo,Shounen,"Action, Comedy, Sci-Fi, Gag Humor, Historical, Parody, Samurai"
19,Koe no Katachi,https://myanimelist.net/anime/28851/Koe_no_Katachi,8.93,1,Finished Airing,Kyoto Animation,Shochiku,Shounen,"Award Winning, Drama"
20,3-gatsu no Lion 2nd Season,https://myanimelist.net/anime/35180/3-gatsu_no_Lion_2nd_Season,8.91,22,Finished Airing,Shaft,Aniplex,Seinen,"Drama, Childcare, Strategy Game"
21,Code Geass: Hangyaku no Lelouch R2,https://myanimelist.net/anime/2904/Code_Geass__Hangyaku_no_Lelouch_R2,8.91,25,Finished Airing,Sunrise,Bandai Visual,,"Action, Award Winning, Drama, Sci-Fi, Mecha, Military, Super Power"
22,Gintama Movie 2: Kanketsu-hen - Yorozuya yo Eien Nare,https://myanimelist.net/anime/15335/Gintama_Movie_2__Kanketsu-hen_-_Yorozuya_yo_Eien_Nare,8.90,1,Finished Airing,Sunrise,TV Tokyo,Shounen,"Action, Comedy, Sci-Fi, Gag Humor, Historical, Parody, Samurai, Time Travel"
23,Kusuriya no Hitorigoto,https://myanimelist.net/anime/54492/Kusuriya_no_Hitorigoto,8.89,24,Finished Airing,OLM,Dentsu,,"Drama, Mystery, Historical, Medical"
24,Look Back,https://myanimelist.net/anime/58125/Look_Back,8.89,1,Finished Airing,Studio DURIAN,Avex Pictures,Shounen,"Drama, Otaku Culture"
25,Re:Zero kara Hajimeru Isekai Seikatsu 3rd Season,https://myanimelist.net/anime/54857/Re_Zero_kara_Hajimeru_Isekai_Seikatsu_3rd_Season,8.89,16,Currently Airing,White Fox,AT-X,,"Drama, Fantasy, Suspense, Isekai, Psychological, Time Travel"
26,Monster,https://myanimelist.net/anime/19/Monster,8.88,74,Finished Airing,Madhouse,VAP,Seinen,"Drama, Mystery, Suspense, Adult Cast, Psychological"
27,Gintama.: Shirogane no Tamashii-hen - Kouhan-sen,https://myanimelist.net/anime/37491/Gintama__Shirogane_no_Tamashii-hen_-_Kouhan-sen,8.88,14,Finished Airing,Bandai Namco Pictures,TV Tokyo,Shounen,"Action, Comedy, Sci-Fi, Gag Humor, Historical, Parody, Samurai"
28,Owarimonogatari 2nd Season,https://myanimelist.net/anime/35247/Owarimonogatari_2nd_Season,8.87,7,Finished Airing,Shaft,Aniplex,,"Comedy, Mystery, Supernatural, Vampire"
29,Shingeki no Kyojin: The Final Season - Kanketsu-hen,https://myanimelist.net/anime/51535/Shingeki_no_Kyojin__The_Final_Season_-_Kanketsu-hen,8.87,2,Finished Airing,MAPPA,Production I.G,Shounen,"Action, Drama, Suspense, Gore, Military, Survival"
30,Violet Evergarden Movie,https://myanimelist.net/anime/37987/Violet_Evergarden_Movie,8.85,1,Finished Airing,Kyoto Animation,Shochiku,,"Award Winning, Drama"
31,Kimi no Na wa.,https://myanimelist.net/anime/32281/Kimi_no_Na_wa,8.83,1,Finished Airing,CoMix Wave Films,TOHO,,"Award Winning, Drama"
32,Kingdom 3rd Season,https://myanimelist.net/anime/40682/Kingdom_3rd_Season,8.83,26,Finished Airing,Pierrot,Shueisha,Seinen,"Action, Historical, Military"
33,Gintama.: Shirogane no Tamashii-hen,https://myanimelist.net/anime/36838/Gintama__Shirogane_no_Tamashii-hen,8.81,12,Finished Airing,Bandai Namco Pictures,TV Tokyo,Shounen,"Action, Comedy, Sci-Fi, Gag Humor, Historical, Parody, Samurai"
34,Vinland Saga Season 2,https://myanimelist.net/anime/49387/Vinland_Saga_Season_2,8.81,24,Finished Airing,MAPPA,Dentsu,Seinen,"Action, Adventure, Drama, Gore, Historical"
35,Monogatari Series: Off & Monster Season,https://myanimelist.net/anime/57864/Monogatari_Series__Off___Monster_Season,8.80,14,Finished Airing,Shaft,Aniplex,,"Comedy, Mystery, Supernatural, Vampire"
36,Jujutsu Kaisen 2nd Season,https://myanimelist.net/anime/51009/Jujutsu_Kaisen_2nd_Season,8.79,23,Finished Airing,MAPPA,Mainichi Broadcasting System,Shounen,"Action, Supernatural, Gore, School"
37,Mob Psycho 100 II,https://myanimelist.net/anime/37510/Mob_Psycho_100_II,8.79,13,Finished Airing,Bones,Warner Bros. Japan,,"Action, Comedy, Supernatural"
38,Boku no Kokoro no Yabai Yatsu 2nd Season,https://myanimelist.net/anime/55690/Boku_no_Kokoro_no_Yabai_Yatsu_2nd_Season,8.79,13,Finished Airing,Shin-Ei Animation,Dentsu,Shounen,"Comedy, Romance, School"
39,Shingeki no Kyojin: The Final Season,https://myanimelist.net/anime/40028/Shingeki_no_Kyojin__The_Final_Season,8.78,16,Finished Airing,MAPPA,Production I.G,Shounen,"Action, Drama, Suspense, Gore, Military, Survival"
40,Kizumonogatari III: Reiketsu-hen,https://myanimelist.net/anime/31758/Kizumonogatari_III__Reiketsu-hen,8.78,1,Finished Airing,Shaft,Aniplex,,"Action, Mystery, Supernatural, Vampire"
41,Bocchi the Rock!,https://myanimelist.net/anime/47917/Bocchi_the_Rock,8.77,12,Finished Airing,CloverWorks,Aniplex,,"Comedy, CGDCT, Music"
42,Haikyuu!! Karasuno Koukou vs. Shiratorizawa Gakuen Koukou,https://myanimelist.net/anime/32935/Haikyuu_Karasuno_Koukou_vs_Shiratorizawa_Gakuen_Koukou,8.77,10,Finished Airing,Production I.G,Dentsu,Shounen,"Sports, School, Team Sports"
43,Hajime no Ippo,https://myanimelist.net/anime/263/Hajime_no_Ippo,8.77,75,Finished Airing,Madhouse,VAP,Shounen,"Sports, Combat Sports"
44,Sen to Chihiro no Kamikakushi,https://myanimelist.net/anime/199/Sen_to_Chihiro_no_Kamikakushi,8.77,1,Finished Airing,Studio Ghibli,Dentsu,,"Adventure, Award Winning, Fantasy, Mythology"
45,Shingeki no Kyojin: The Final Season Part 2,https://myanimelist.net/anime/48583/Shingeki_no_Kyojin__The_Final_Season_Part_2,8.76,12,Finished Airing,MAPPA,Production I.G,Shounen,"Action, Drama, Suspense, Gore, Military, Survival"
46,Vinland Saga,https://myanimelist.net/anime/37521/Vinland_Saga,8.76,24,Finished Airing,Wit Studio,Production I.G,Seinen,"Action, Adventure, Drama, Gore, Historical"
47,Monogatari Series: Second Season,https://myanimelist.net/anime/17074/Monogatari_Series__Second_Season,8.76,26,Finished Airing,Shaft,Aniplex,,"Comedy, Mystery, Romance, Supernatural, Vampire"
48,Kaguya-sama wa Kokurasetai: First Kiss wa Owaranai,https://myanimelist.net/anime/52198/Kaguya-sama_wa_Kokurasetai__First_Kiss_wa_Owaranai,8.75,1,Finished Airing,A-1 Pictures,Aniplex,Seinen,"Comedy, Drama, Romance, School"
49,Cowboy Bebop,https://myanimelist.net/anime/1/Cowboy_Bebop,8.75,26,Finished Airing,Sunrise,Bandai Visual,,"Action, Award Winning, Sci-Fi, Adult Cast, Space"
50,The First Slam Dunk,https://myanimelist.net/anime/45649/The_First_Slam_Dunk,8.74,1,Finished Airing,Toei Animation,Shueisha,Shounen,"Award Winning, Sports, School, Team Sports"
51,Shiguang Dailiren,https://myanimelist.net/anime/44074/Shiguang_Dailiren,8.73,11,Finished Airing,LAN Studio,bilibili,,"Drama, Mystery, Suspense, Adult Cast, Super Power, Time Travel"
52,Ashita no Joe 2,https://myanimelist.net/anime/2921/Ashita_no_Joe_2,8.73,47,Finished Airing,Tokyo Movie Shinsha,Annapuru,Shounen,"Drama, Sports, Combat Sports"
53,Hibike! Euphonium 3,https://myanimelist.net/anime/39894/Hibike_Euphonium_3,8.73,13,Finished Airing,Kyoto Animation,Lantis,,"Drama, Music, Performing Arts, School"
54,Kimetsu no Yaiba: Yuukaku-hen,https://myanimelist.net/anime/47778/Kimetsu_no_Yaiba__Yuukaku-hen,8.73,11,Finished Airing,ufotable,Aniplex,Shounen,"Action, Supernatural, Historical"
55,Kingdom 4th Season,https://myanimelist.net/anime/50160/Kingdom_4th_Season,8.73,26,Finished Airing,Pierrot,Avex Pictures,Seinen,"Action, Historical, Military"
56,Kingdom 5th Season,https://myanimelist.net/anime/53223/Kingdom_5th_Season,8.73,13,Finished Airing,Pierrot,Avex Pictures,Seinen,"Action, Historical, Military"
57,Mushishi Zoku Shou 2nd Season,https://myanimelist.net/anime/24701/Mushishi_Zoku_Shou_2nd_Season,8.72,10,Finished Airing,Artland,Aniplex,Seinen,"Adventure, Mystery, Slice of Life, Supernatural, Adult Cast, Historical, Iyashikei"
58,One Piece,https://myanimelist.net/anime/21/One_Piece,8.72,1122,Currently Airing,Toei Animation,Fuji TV,Shounen,"Action, Adventure, Fantasy"
59,Mob Psycho 100 III,https://myanimelist.net/anime/50172/Mob_Psycho_100_III,8.71,12,Finished Airing,Bones,Shogakukan-Shueisha Productions,,"Action, Comedy, Supernatural"
60,Shouwa Genroku Rakugo Shinjuu: Sukeroku Futatabi-hen,https://myanimelist.net/anime/33095/Shouwa_Genroku_Rakugo_Shinjuu__Sukeroku_Futatabi-hen,8.71,12,Finished Airing,Studio Deen,Mainichi Broadcasting System,Josei,"Drama, Adult Cast, Historical, Love Polygon, Performing Arts"
61,86 Part 2,https://myanimelist.net/anime/48569/86_Part_2,8.71,12,Finished Airing,A-1 Pictures,Aniplex,,"Action, Drama, Sci-Fi, Mecha, Military"
62,Bleach: Sennen Kessen-hen - Ketsubetsu-tan,https://myanimelist.net/anime/53998/Bleach__Sennen_Kessen-hen_-_Ketsubetsu-tan,8.70,13,Finished Airing,Pierrot,TV Tokyo,Shounen,"Action, Adventure, Supernatural"
63,Code Geass: Hangyaku no Lelouch,https://myanimelist.net/anime/1575/Code_Geass__Hangyaku_no_Lelouch,8.70,25,Finished Airing,Sunrise,Bandai Visual,,"Action, Award Winning, Drama, Sci-Fi, Mecha, Military, School, Super Power"
64,Rurouni Kenshin: Meiji Kenkaku Romantan - Tsuioku-hen,https://myanimelist.net/anime/44/Rurouni_Kenshin__Meiji_Kenkaku_Romantan_-_Tsuioku-hen,8.70,4,Finished Airing,Studio Deen,Aniplex,Shounen,"Action, Drama, Romance, Adult Cast, Historical, Samurai"
65,Mushishi Zoku Shou,https://myanimelist.net/anime/21939/Mushishi_Zoku_Shou,8.69,10,Finished Airing,Artland,Aniplex,Seinen,"Adventure, Mystery, Slice of Life, Supernatural, Adult Cast, Historical, Iyashikei"
66,Mo Dao Zu Shi: Wanjie Pian,https://myanimelist.net/anime/40434/Mo_Dao_Zu_Shi__Wanjie_Pian,8.68,12,Finished Airing,B.CMAY PICTURES,Tencent Penguin Pictures,,"Action, Adventure, Drama, Fantasy, Mystery, Historical, Mythology, Reincarnation"
67,Great Teacher Onizuka,https://myanimelist.net/anime/245/Great_Teacher_Onizuka,8.68,43,Finished Airing,Pierrot,Aniplex,Shounen,"Comedy, Delinquents, School, Workplace"
68,Violet Evergarden,https://myanimelist.net/anime/33352/Violet_Evergarden,8.68,13,Finished Airing,Kyoto Animation,Lantis,,Drama
69,Tian Guan Cifu Er,https://myanimelist.net/anime/50399/Tian_Guan_Cifu_Er,8.67,12,Finished Airing,Red Dog Culture House,bilibili,,"Action, Adventure, Drama, Fantasy, Historical, Mythology"
70,Hajime no Ippo: New Challenger,https://myanimelist.net/anime/5258/Hajime_no_Ippo__New_Challenger,8.67,26,Finished Airing,Madhouse,VAP,Shounen,"Sports, Combat Sports"
71,Howl no Ugoku Shiro,https://myanimelist.net/anime/431/Howl_no_Ugoku_Shiro,8.67,1,Finished Airing,Studio Ghibli,d-rights,,"Adventure, Award Winning, Drama, Fantasy, Romance"
72,Haikyuu!! Movie: Gomisuteba no Kessen,https://myanimelist.net/anime/52742/Haikyuu_Movie__Gomisuteba_no_Kessen,8.66,1,Finished Airing,Production I.G,Dentsu,Shounen,"Sports, School, Team Sports"
73,Mononoke Hime,https://myanimelist.net/anime/164/Mononoke_Hime,8.66,1,Finished Airing,Studio Ghibli,Tokuma Shoten,,"Action, Adventure, Award Winning, Fantasy"
74,Mushishi,https://myanimelist.net/anime/457/Mushishi,8.65,26,Finished Airing,Artland,Avex Entertainment,Seinen,"Adventure, Mystery, Slice of Life, Supernatural, Adult Cast, Historical, Iyashikei"
75,Mushoku Tensei: Isekai Ittara Honki Dasu Part 2,https://myanimelist.net/anime/45576/Mushoku_Tensei__Isekai_Ittara_Honki_Dasu_Part_2,8.65,12,Finished Airing,Studio Bind,Frontier Works,,"Adventure, Drama, Fantasy, Ecchi, Isekai, Reincarnation"
76,Odd Taxi,https://myanimelist.net/anime/46102/Odd_Taxi,8.65,13,Finished Airing,OLM,TV Tokyo,,"Award Winning, Drama, Mystery, Suspense, Adult Cast, Anthropomorphic, Organized Crime"
77,"""Oshi no Ko"" 2nd Season",https://myanimelist.net/anime/55791/Oshi_no_Ko_2nd_Season,8.65,13,Finished Airing,Doga Kobo,Delfi Sound,Seinen,"Drama, Reincarnation, Showbiz"
78,Fate/stay night Movie: Heaven's Feel - III. Spring Song,https://myanimelist.net/anime/33050/Fate_stay_night_Movie__Heavens_Feel_-_III_Spring_Song,8.65,1,Finished Airing,ufotable,Aniplex,,"Action, Fantasy, Urban Fantasy"
79,Made in Abyss,https://myanimelist.net/anime/34599/Made_in_Abyss,8.64,13,Finished Airing,Kinema Citrus,AT-X,,"Adventure, Drama, Fantasy, Mystery, Sci-Fi, Gore"
80,Natsume Yuujinchou Shi,https://myanimelist.net/anime/11665/Natsume_Yuujinchou_Shi,8.64,13,Finished Airing,Brain's Base,TV Tokyo,Shoujo,"Slice of Life, Supernatural, Iyashikei, Mythology"
81,Shigatsu wa Kimi no Uso,https://myanimelist.net/anime/23273/Shigatsu_wa_Kimi_no_Uso,8.64,22,Finished Airing,A-1 Pictures,Aniplex,Shounen,"Drama, Romance, Love Polygon, Music, School"
82,Shiguang Dailiren II,https://myanimelist.net/anime/49413/Shiguang_Dailiren_II,8.63,12,Finished Airing,LAN Studio,bilibili,,"Drama, Mystery, Suspense, Adult Cast, Super Power, Time Travel"
83,Shingeki no Kyojin Season 3,https://myanimelist.net/anime/35760/Shingeki_no_Kyojin_Season_3,8.63,12,Finished Airing,Wit Studio,Production I.G,Shounen,"Action, Drama, Suspense, Gore, Military, Survival"
84,Tengen Toppa Gurren Lagann,https://myanimelist.net/anime/2001/Tengen_Toppa_Gurren_Lagann,8.63,27,Finished Airing,Gainax,TV Tokyo,,"Action, Adventure, Award Winning, Sci-Fi, Mecha"
85,Bungou Stray Dogs 5th Season,https://myanimelist.net/anime/54898/Bungou_Stray_Dogs_5th_Season,8.63,11,Finished Airing,Bones,WOWOW,Seinen,"Action, Mystery, Adult Cast, Detective, Organized Crime, Super Power, Vampire"
86,Kaguya-sama wa Kokurasetai? Tensai-tachi no Renai Zunousen,https://myanimelist.net/anime/40591/Kaguya-sama_wa_Kokurasetai_Tensai-tachi_no_Renai_Zunousen,8.63,12,Finished Airing,A-1 Pictures,Aniplex,Seinen,"Comedy, Romance, School"
87,Made in Abyss: Retsujitsu no Ougonkyou,https://myanimelist.net/anime/41084/Made_in_Abyss__Retsujitsu_no_Ougonkyou,8.62,12,Finished Airing,Kinema Citrus,AT-X,,"Adventure, Drama, Fantasy, Mystery, Sci-Fi, Gore"
88,Ping Pong the Animation,https://myanimelist.net/anime/22135/Ping_Pong_the_Animation,8.62,11,Finished Airing,Tatsunoko Production,Aniplex,Seinen,"Award Winning, Drama, Sports"
89,Dandadan,https://myanimelist.net/anime/57334/Dandadan,8.62,12,Currently Airing,Science SARU,Aniplex,Shounen,"Action, Comedy, Supernatural"
90,Death Note,https://myanimelist.net/anime/1535/Death_Note,8.62,37,Finished Airing,Madhouse,VAP,Shounen,"Supernatural, Suspense, Psychological"
91,Haikyuu!! Second Season,https://myanimelist.net/anime/28891/Haikyuu_Second_Season,8.62,25,Finished Airing,Production I.G,Dentsu,Shounen,"Sports, School, Team Sports"
92,"""Oshi no Ko""",https://myanimelist.net/anime/52034/Oshi_no_Ko,8.61,11,Finished Airing,Doga Kobo,Delfi Sound,Seinen,"Award Winning, Drama, Reincarnation, Showbiz"
93,Cyberpunk: Edgerunners,https://myanimelist.net/anime/42310/Cyberpunk__Edgerunners,8.61,10,Finished Airing,Trigger,CD Projekt Red,,"Action, Sci-Fi, Gore, Organized Crime"
94,Dungeon Meshi,https://myanimelist.net/anime/52701/Dungeon_Meshi,8.61,24,Finished Airing,Trigger,Ultra Super Pictures,Seinen,"Adventure, Comedy, Fantasy, Gourmet"
95,Made in Abyss Movie 3: Fukaki Tamashii no Reimei,https://myanimelist.net/anime/36862/Made_in_Abyss_Movie_3__Fukaki_Tamashii_no_Reimei,8.61,1,Finished Airing,Kinema Citrus,AT-X,,"Adventure, Drama, Fantasy, Mystery, Sci-Fi, Gore"
96,Natsume Yuujinchou Roku,https://myanimelist.net/anime/34591/Natsume_Yuujinchou_Roku,8.61,11,Finished Airing,Shuka,TV Tokyo,Shoujo,"Slice of Life, Supernatural, Iyashikei, Mythology"
97,Natsume Yuujinchou Shichi,https://myanimelist.net/anime/55823/Natsume_Yuujinchou_Shichi,8.60,12,Currently Airing,Shuka,TV Tokyo,Shoujo,"Slice of Life, Supernatural, Iyashikei, Mythology"
98,Suzumiya Haruhi no Shoushitsu,https://myanimelist.net/anime/7311/Suzumiya_Haruhi_no_Shoushitsu,8.60,1,Finished Airing,Kyoto Animation,Kadokawa Shoten,,"Award Winning, Mystery, Sci-Fi, Supernatural, School"
99,Hajime no Ippo: Rising,https://myanimelist.net/anime/19647/Hajime_no_Ippo__Rising,8.60,25,Finished Airing,Madhouse,VAP,Shounen,"Sports, Combat Sports"
100,Kenpuu Denki Berserk,https://myanimelist.net/anime/33/Kenpuu_Denki_Berserk,8.59,25,Finished Airing,OLM,VAP,Seinen,"Action, Adventure, Drama, Fantasy, Horror, Gore, Military"
101,Mushishi Zoku Shou: Suzu no Shizuku,https://myanimelist.net/anime/28957/Mushishi_Zoku_Shou__Suzu_no_Shizuku,8.59,1,Finished Airing,Artland,Aniplex,Seinen,"Adventure, Mystery, Slice of Life, Supernatural, Adult Cast, Historical, Iyashikei"
102,Seishun Buta Yarou wa Yumemiru Shoujo no Yume wo Minai,https://myanimelist.net/anime/38329/Seishun_Buta_Yarou_wa_Yumemiru_Shoujo_no_Yume_wo_Minai,8.59,1,Finished Airing,CloverWorks,Aniplex,,"Drama, Romance, Supernatural, School"
103,Shin Evangelion Movie:||,https://myanimelist.net/anime/3786/Shin_Evangelion_Movie_||,8.59,1,Finished Airing,Khara,add some,,"Action, Award Winning, Drama, Sci-Fi, Suspense, Mecha, Psychological"
104,Tengen Toppa Gurren Lagann Movie 2: Lagann-hen,https://myanimelist.net/anime/4565/Tengen_Toppa_Gurren_Lagann_Movie_2__Lagann-hen,8.58,1,Finished Airing,Gainax,Aniplex,,"Action, Sci-Fi, Mecha, Space, Super Power"
105,JoJo no Kimyou na Bouken Part 5: Ougon no Kaze,https://myanimelist.net/anime/37991/JoJo_no_Kimyou_na_Bouken_Part_5__Ougon_no_Kaze,8.58,39,Finished Airing,David Production,Warner Bros. Japan,Shounen,"Action, Adventure, Organized Crime, Super Power"
106,Jujutsu Kaisen,https://myanimelist.net/anime/40748/Jujutsu_Kaisen,8.58,24,Finished Airing,MAPPA,Mainichi Broadcasting System,Shounen,"Action, Award Winning, Supernatural, School"
107,Kimetsu no Yaiba Movie: Mugen Ressha-hen,https://myanimelist.net/anime/40456/Kimetsu_no_Yaiba_Movie__Mugen_Ressha-hen,8.57,1,Finished Airing,ufotable,Aniplex,Shounen,"Action, Supernatural, Historical"
108,Kizumonogatari II: Nekketsu-hen,https://myanimelist.net/anime/31757/Kizumonogatari_II__Nekketsu-hen,8.57,1,Finished Airing,Shaft,Aniplex,,"Action, Mystery, Supernatural, Vampire"
109,Natsume Yuujinchou San,https://myanimelist.net/anime/10379/Natsume_Yuujinchou_San,8.57,13,Finished Airing,Brain's Base,Aniplex,Shoujo,"Slice of Life, Supernatural, Iyashikei, Mythology"
110,Doupo Cangqiong: San Nian Zhi Yue,https://myanimelist.net/anime/49701/Doupo_Cangqiong__San_Nian_Zhi_Yue,8.57,13,Finished Airing,Motion Magic,Tencent Penguin Pictures,,"Action, Fantasy, Martial Arts"
111,Kimi ni Todoke 3rd Season,https://myanimelist.net/anime/56538/Kimi_ni_Todoke_3rd_Season,8.56,5,Finished Airing,Production I.G,Sound Team Don Juan,Shoujo,"Drama, Romance, School"
112,Nana,https://myanimelist.net/anime/877/Nana,8.56,47,Finished Airing,Madhouse,VAP,Shoujo,"Drama, Romance, Adult Cast, Love Polygon, Music"
113,Natsume Yuujinchou Go,https://myanimelist.net/anime/32983/Natsume_Yuujinchou_Go,8.56,11,Finished Airing,Shuka,TV Tokyo,Shoujo,"Slice of Life, Supernatural, Iyashikei, Mythology"
114,Ookami Kodomo no Ame to Yuki,https://myanimelist.net/anime/12355/Ookami_Kodomo_no_Ame_to_Yuki,8.56,1,Finished Airing,Studio Chizu,Madhouse,,"Award Winning, Slice of Life, Supernatural, Childcare"
115,Yojouhan Shinwa Taikei,https://myanimelist.net/anime/7785/Yojouhan_Shinwa_Taikei,8.56,11,Finished Airing,Madhouse,Dentsu,,"Award Winning, Comedy, Mystery, Romance, Suspense, Adult Cast, Psychological, Time Travel"
116,Shingeki no Kyojin,https://myanimelist.net/anime/16498/Shingeki_no_Kyojin,8.55,25,Finished Airing,Wit Studio,Production I.G,Shounen,"Action, Award Winning, Drama, Suspense, Gore, Military, Survival"
117,"Shinseiki Evangelion Movie: Air/Magokoro wo, Kimi ni",https://myanimelist.net/anime/32/Shinseiki_Evangelion_Movie__Air_Magokoro_wo_Kimi_ni,8.55,1,Finished Airing,Gainax,TV Tokyo,,"Action, Avant Garde, Drama, Sci-Fi, Suspense, Mecha, Psychological"
118,Shouwa Genroku Rakugo Shinjuu,https://myanimelist.net/anime/28735/Shouwa_Genroku_Rakugo_Shinjuu,8.55,13,Finished Airing,Studio Deen,Starchild Records,Josei,"Drama, Historical, Love Polygon, Performing Arts"
119,Slam Dunk,https://myanimelist.net/anime/170/Slam_Dunk,8.55,101,Finished Airing,Toei Animation,TV Asahi,Shounen,"Sports, School, Team Sports"
120,Haikyuu!! To the Top Part 2,https://myanimelist.net/anime/40776/Haikyuu_To_the_Top_Part_2,8.55,12,Finished Airing,Production I.G,Dentsu,Shounen,"Sports, School, Team Sports"
121,Kimi no Suizou wo Tabetai,https://myanimelist.net/anime/36098/Kimi_no_Suizou_wo_Tabetai,8.55,1,Finished Airing,Studio VOLN,Aniplex,,"Drama, Romance, School"
122,Perfect Blue,https://myanimelist.net/anime/437/Perfect_Blue,8.55,1,Finished Airing,Madhouse,Rex Entertainment,,"Avant Garde, Award Winning, Drama, Horror, Suspense, Adult Cast, Psychological, Showbiz"
123,JoJo no Kimyou na Bouken Part 6: Stone Ocean Part 3,https://myanimelist.net/anime/53273/JoJo_no_Kimyou_na_Bouken_Part_6__Stone_Ocean_Part_3,8.54,14,Finished Airing,David Production,Warner Bros. Japan,Shounen,"Action, Adventure, Super Power"
124,Zoku Natsume Yuujinchou,https://myanimelist.net/anime/5300/Zoku_Natsume_Yuujinchou,8.54,13,Finished Airing,Brain's Base,Aniplex,Shoujo,"Slice of Life, Supernatural, Iyashikei, Mythology"
125,Fate/Zero 2nd Season,https://myanimelist.net/anime/11741/Fate_Zero_2nd_Season,8.54,12,Finished Airing,ufotable,Aniplex,,"Action, Fantasy, Urban Fantasy"
126,Fruits Basket 2nd Season,https://myanimelist.net/anime/40417/Fruits_Basket_2nd_Season,8.54,25,Finished Airing,TMS Entertainment,TV Tokyo,Shoujo,"Drama, Romance, Supernatural, School"
127,Mushishi: Hihamukage,https://myanimelist.net/anime/21329/Mushishi__Hihamukage,8.53,1,Finished Airing,Artland,Aniplex,Seinen,"Adventure, Mystery, Slice of Life, Supernatural, Adult Cast, Historical, Iyashikei"
128,Steins;Gate 0,https://myanimelist.net/anime/30484/Steins_Gate_0,8.53,23,Finished Airing,White Fox,Frontier Works,,"Drama, Sci-Fi, Suspense, Time Travel"
129,Shingeki no Kyojin Season 2,https://myanimelist.net/anime/25777/Shingeki_no_Kyojin_Season_2,8.52,12,Finished Airing,Wit Studio,Production I.G,Shounen,"Action, Drama, Suspense, Gore, Military, Survival"
130,Shoujo☆Kageki Revue Starlight Movie,https://myanimelist.net/anime/40664/Shoujo☆Kageki_Revue_Starlight_Movie,8.52,1,Finished Airing,Kinema Citrus,Bushiroad,,"Drama, Music, Performing Arts, School"
131,Bakuman. 3rd Season,https://myanimelist.net/anime/12365/Bakuman_3rd_Season,8.52,25,Finished Airing,J.C.Staff,NHK,Shounen,"Comedy, Drama, Romance, Otaku Culture"
132,Gintama Movie 1: Shinyaku Benizakura-hen,https://myanimelist.net/anime/7472/Gintama_Movie_1__Shinyaku_Benizakura-hen,8.52,1,Finished Airing,Sunrise,TV Tokyo,Shounen,"Action, Comedy, Sci-Fi, Historical, Parody, Samurai"
133,Gintama.: Porori-hen,https://myanimelist.net/anime/35843/Gintama__Porori-hen,8.52,13,Finished Airing,Bandai Namco Pictures,TV Tokyo,Shounen,"Action, Comedy, Sci-Fi, Gag Humor, Historical, Parody, Samurai"
134,Hotaru no Haka,https://myanimelist.net/anime/578/Hotaru_no_Haka,8.52,1,Finished Airing,Studio Ghibli,add some,,"Drama, Historical"
135,Koukaku Kidoutai: Stand Alone Complex 2nd GIG,https://myanimelist.net/anime/801/Koukaku_Kidoutai__Stand_Alone_Complex_2nd_GIG,8.52,26,Finished Airing,Production I.G,Bandai Visual,Seinen,"Action, Mystery, Sci-Fi, Adult Cast, Detective, Mecha, Military"
136,Kara no Kyoukai Movie 5: Mujun Rasen,https://myanimelist.net/anime/4282/Kara_no_Kyoukai_Movie_5__Mujun_Rasen,8.51,1,Finished Airing,ufotable,Notes,,"Action, Drama, Fantasy, Mystery, Romance, Suspense, Urban Fantasy"
137,Samurai Champloo,https://myanimelist.net/anime/205/Samurai_Champloo,8.51,26,Finished Airing,Manglobe,Victor Entertainment,,"Action, Adventure, Comedy, Historical, Samurai"
138,Sora yori mo Tooi Basho,https://myanimelist.net/anime/35839/Sora_yori_mo_Tooi_Basho,8.51,13,Finished Airing,Madhouse,Movic,,"Adventure, Comedy, Drama, CGDCT"
139,Yuru Camp△ Season 2,https://myanimelist.net/anime/38474/Yuru_Camp△_Season_2,8.51,13,Finished Airing,C-Station,Half H.P Studio,,"Slice of Life, CGDCT, Iyashikei"
140,Tian Guan Cifu Special,https://myanimelist.net/anime/44070/Tian_Guan_Cifu_Special,8.50,1,Finished Airing,Haoliners Animation League,bilibili,,"Action, Adventure, Drama, Fantasy, Historical, Mythology"
141,JoJo no Kimyou na Bouken Part 4: Diamond wa Kudakenai,https://myanimelist.net/anime/31933/JoJo_no_Kimyou_na_Bouken_Part_4__Diamond_wa_Kudakenai,8.50,39,Finished Airing,David Production,Warner Bros. Japan,Shounen,"Action, Adventure, Super Power"
142,Ousama Ranking,https://myanimelist.net/anime/40834/Ousama_Ranking,8.50,23,Finished Airing,Wit Studio,Aniplex,,"Adventure, Fantasy"
143,Mahou Shoujo Madoka★Magica Movie 3: Hangyaku no Monogatari,https://myanimelist.net/anime/11981/Mahou_Shoujo_Madoka★Magica_Movie_3__Hangyaku_no_Monogatari,8.49,1,Finished Airing,Shaft,Aniplex,,"Award Winning, Drama, Suspense, Mahou Shoujo, Psychological"
144,Mob Psycho 100,https://myanimelist.net/anime/32182/Mob_Psycho_100,8.49,12,Finished Airing,Bones,Warner Bros. Japan,,"Action, Comedy, Supernatural"
145,One Punch Man,https://myanimelist.net/anime/30276/One_Punch_Man,8.49,12,Finished Airing,Madhouse,TV Tokyo,Seinen,"Action, Comedy, Adult Cast, Parody, Super Power"
146,Spy x Family,https://myanimelist.net/anime/50265/Spy_x_Family,8.49,12,Finished Airing,Wit Studio,TV Tokyo,Shounen,"Action, Award Winning, Comedy, Childcare, Super Power"
147,Yakusoku no Neverland,https://myanimelist.net/anime/37779/Yakusoku_no_Neverland,8.49,12,Finished Airing,CloverWorks,Aniplex,Shounen,"Mystery, Suspense, Psychological, Survival"
148,Uchuu Kyoudai,https://myanimelist.net/anime/12431/Uchuu_Kyoudai,8.48,99,Finished Airing,A-1 Pictures,Yomiuri Telecasting,Seinen,"Comedy, Adult Cast, Space, Workplace"
149,Ansatsu Kyoushitsu 2nd Season,https://myanimelist.net/anime/30654/Ansatsu_Kyoushitsu_2nd_Season,8.48,25,Finished Airing,Lerche,Dentsu,Shounen,"Action, Comedy, School"
150,Aria the Origination,https://myanimelist.net/anime/3297/Aria_the_Origination,8.48,13,Finished Airing,HAL Film Maker,TV Tokyo,Shounen,"Fantasy, Sci-Fi, Slice of Life, Iyashikei"
151,Chainsaw Man,https://myanimelist.net/anime/44511/Chainsaw_Man,8.48,12,Finished Airing,MAPPA,dugout,Shounen,"Action, Fantasy, Gore, Urban Fantasy"
152,Fate/stay night Movie: Heaven's Feel - II. Lost Butterfly,https://myanimelist.net/anime/33049/Fate_stay_night_Movie__Heavens_Feel_-_II_Lost_Butterfly,8.47,1,Finished Airing,ufotable,Aniplex,,"Action, Fantasy, Urban Fantasy"
153,Nichijou,https://myanimelist.net/anime/10165/Nichijou,8.47,26,Finished Airing,Kyoto Animation,Lantis,Shounen,"Comedy, Gag Humor, School"
154,Pluto,https://myanimelist.net/anime/35737/Pluto,8.47,8,Finished Airing,Studio M2,Genco,Seinen,"Action, Mystery, Sci-Fi, Suspense, Detective, Psychological"
155,Summertime Render,https://myanimelist.net/anime/47194/Summertime_Render,8.47,25,Finished Airing,OLM,Shogakukan-Shueisha Productions,Shounen,"Mystery, Supernatural, Suspense, Time Travel"
156,Yuu☆Yuu☆Hakusho,https://myanimelist.net/anime/392/Yuu☆Yuu☆Hakusho,8.46,112,Finished Airing,Pierrot,Yomiko Advertising,Shounen,"Action, Supernatural, Martial Arts, Mythology"
157,Banana Fish,https://myanimelist.net/anime/36649/Banana_Fish,8.46,24,Finished Airing,MAPPA,Aniplex,Shoujo,"Action, Adventure, Drama, Suspense, Delinquents, Organized Crime, Psychological"
158,Chihayafuru 3,https://myanimelist.net/anime/37379/Chihayafuru_3,8.46,24,Finished Airing,Madhouse,Kodansha,Josei,"Drama, Sports, Love Polygon, School, Strategy Game"
159,Gintama: The Semi-Final,https://myanimelist.net/anime/44087/Gintama__The_Semi-Final,8.46,2,Finished Airing,Bandai Namco Pictures,add some,Shounen,"Action, Comedy, Gag Humor, Historical, Parody, Samurai"
160,Mo Dao Zu Shi,https://myanimelist.net/anime/37208/Mo_Dao_Zu_Shi,8.46,15,Finished Airing,B.CMAY PICTURES,Aniplex,,"Action, Adventure, Drama, Fantasy, Mystery, Historical, Mythology, Reincarnation"
161,Mo Dao Zu Shi: Xian Yun Pian,https://myanimelist.net/anime/38450/Mo_Dao_Zu_Shi__Xian_Yun_Pian,8.46,8,Finished Airing,B.CMAY PICTURES,Tencent Penguin Pictures,,"Action, Adventure, Drama, Fantasy, Mystery, Historical, Mythology, Reincarnation"
162,Rainbow: Nisha Rokubou no Shichinin,https://myanimelist.net/anime/6114/Rainbow__Nisha_Rokubou_no_Shichinin,8.46,26,Finished Airing,Madhouse,VAP,Seinen,"Drama, Suspense, Delinquents, Historical"
163,Kimetsu no Yaiba,https://myanimelist.net/anime/38000/Kimetsu_no_Yaiba,8.45,26,Finished Airing,ufotable,Aniplex,Shounen,"Action, Award Winning, Supernatural, Historical"
164,Owarimonogatari,https://myanimelist.net/anime/31181/Owarimonogatari,8.45,12,Finished Airing,Shaft,Aniplex,,"Comedy, Mystery, Supernatural, Vampire"
165,Steins;Gate Movie: Fuka Ryouiki no Déjà vu,https://myanimelist.net/anime/11577/Steins_Gate_Movie__Fuka_Ryouiki_no_Déjà_vu,8.45,1,Finished Airing,White Fox,Frontier Works,,"Drama, Sci-Fi"
166,Zoku Owarimonogatari,https://myanimelist.net/anime/36999/Zoku_Owarimonogatari,8.44,6,Finished Airing,Shaft,Aniplex,,"Comedy, Mystery, Supernatural, Vampire"
167,JoJo no Kimyou na Bouken Part 3: Stardust Crusaders 2nd Season,https://myanimelist.net/anime/26055/JoJo_no_Kimyou_na_Bouken_Part_3__Stardust_Crusaders_2nd_Season,8.44,24,Finished Airing,David Production,Yomiko Advertising,Shounen,"Action, Adventure, Super Power"
168,Karakai Jouzu no Takagi-san Movie,https://myanimelist.net/anime/49722/Karakai_Jouzu_no_Takagi-san_Movie,8.44,1,Finished Airing,Shin-Ei Animation,TOHO animation,Shounen,"Love Status Quo, School"
169,Mushoku Tensei II: Isekai Ittara Honki Dasu Part 2,https://myanimelist.net/anime/55888/Mushoku_Tensei_II__Isekai_Ittara_Honki_Dasu_Part_2,8.44,12,Finished Airing,Studio Bind,Frontier Works,,"Adventure, Drama, Fantasy, Ecchi, Isekai, Reincarnation"
170,Bungou Stray Dogs 4th Season,https://myanimelist.net/anime/50330/Bungou_Stray_Dogs_4th_Season,8.44,13,Finished Airing,Bones,WOWOW,Seinen,"Action, Mystery, Adult Cast, Detective, Organized Crime, Super Power"
171,Golden Kamuy 3rd Season,https://myanimelist.net/anime/40059/Golden_Kamuy_3rd_Season,8.44,12,Finished Airing,Geno Studio,Magic Capsule,Seinen,"Action, Adventure, Adult Cast, Historical, Military"
172,Grand Blue,https://myanimelist.net/anime/37105/Grand_Blue,8.44,12,Finished Airing,Zero-G,Mainichi Broadcasting System,Seinen,"Comedy, Adult Cast, Gag Humor"
173,Haikyuu!!,https://myanimelist.net/anime/20583/Haikyuu,8.44,25,Finished Airing,Production I.G,Dentsu,Shounen,"Sports, School, Team Sports"
174,Mushishi Zoku Shou: Odoro no Michi,https://myanimelist.net/anime/24687/Mushishi_Zoku_Shou__Odoro_no_Michi,8.43,1,Finished Airing,Artland,Aniplex,Seinen,"Adventure, Mystery, Slice of Life, Supernatural, Adult Cast, Historical, Iyashikei"
175,Re:Zero kara Hajimeru Isekai Seikatsu 2nd Season Part 2,https://myanimelist.net/anime/42203/Re_Zero_kara_Hajimeru_Isekai_Seikatsu_2nd_Season_Part_2,8.43,12,Finished Airing,White Fox,AT-X,,"Drama, Fantasy, Suspense, Isekai, Psychological, Time Travel"
176,Jujutsu Kaisen 0 Movie,https://myanimelist.net/anime/48561/Jujutsu_Kaisen_0_Movie,8.42,1,Finished Airing,MAPPA,Mainichi Broadcasting System,Shounen,"Action, Supernatural, School"
177,Kono Oto Tomare! Part 2,https://myanimelist.net/anime/38889/Kono_Oto_Tomare_Part_2,8.42,13,Finished Airing,Platinum Vision,WOWOW,Shounen,"Drama, Music, School"
178,Kono Subarashii Sekai ni Shukufuku wo! Movie: Kurenai Densetsu,https://myanimelist.net/anime/38040/Kono_Subarashii_Sekai_ni_Shukufuku_wo_Movie__Kurenai_Densetsu,8.42,1,Finished Airing,J.C.Staff,Half H.P Studio,,"Adventure, Comedy, Fantasy, Isekai, Parody"
179,Koukaku Kidoutai: Stand Alone Complex,https://myanimelist.net/anime/467/Koukaku_Kidoutai__Stand_Alone_Complex,8.42,26,Finished Airing,Production I.G,Bandai Visual,Seinen,"Action, Award Winning, Mystery, Sci-Fi, Adult Cast, Detective, Mecha, Military"
180,Mononoke,https://myanimelist.net/anime/2246/Mononoke,8.42,12,Finished Airing,Toei Animation,Dentsu,,"Horror, Mystery, Supernatural, Suspense, Adult Cast, Historical, Mythology, Psychological"
181,Natsume Yuujinchou Movie: Utsusemi ni Musubu,https://myanimelist.net/anime/36538/Natsume_Yuujinchou_Movie__Utsusemi_ni_Musubu,8.42,1,Finished Airing,Shuka,Aniplex,Shoujo,"Slice of Life, Supernatural, Iyashikei, Mythology"
182,Saenai Heroine no Sodatekata Fine,https://myanimelist.net/anime/36885/Saenai_Heroine_no_Sodatekata_Fine,8.42,1,Finished Airing,CloverWorks,Aniplex,,"Comedy, Romance, Harem, Otaku Culture, School"
183,Tian Guan Cifu,https://myanimelist.net/anime/40730/Tian_Guan_Cifu,8.42,11,Finished Airing,Haoliners Animation League,bilibili,,"Action, Adventure, Drama, Fantasy, Historical, Mythology"
184,Wu Liuqi: Xuanwu Guo Pian,https://myanimelist.net/anime/45556/Wu_Liuqi__Xuanwu_Guo_Pian,8.42,10,Finished Airing,Sharefun Studio,AHA Entertainment,,"Action, Adventure, Comedy, Drama, Mystery, Martial Arts, Super Power"
185,Gintama: Yorinuki Gintama-san on Theater 2D,https://myanimelist.net/anime/21899/Gintama__Yorinuki_Gintama-san_on_Theater_2D,8.42,2,Finished Airing,Sunrise,add some,Shounen,"Action, Comedy, Sci-Fi, Gag Humor, Historical, Parody, Samurai"
186,Hunter x Hunter,https://myanimelist.net/anime/136/Hunter_x_Hunter,8.42,62,Finished Airing,Nippon Animation,Fuji TV,Shounen,"Action, Adventure, Fantasy"
187,Ao no Hako,https://myanimelist.net/anime/57181/Ao_no_Hako,8.41,25,Currently Airing,Telecom Animation Film,TBS,Shounen,"Romance, Sports, School, Team Sports"
188,Doupo Cangqiong: Nian Fan,https://myanimelist.net/anime/51039/Doupo_Cangqiong__Nian_Fan,8.41,157,Currently Airing,Motion Magic,Tencent Penguin Pictures,,"Action, Adventure, Fantasy, Martial Arts"
189,Saiki Kusuo no Ψ-nan,https://myanimelist.net/anime/33255/Saiki_Kusuo_no_Ψ-nan,8.41,120,Finished Airing,J.C.Staff,TV Tokyo,Shounen,"Comedy, Gag Humor, School, Super Power"
190,Saiki Kusuo no Ψ-nan 2,https://myanimelist.net/anime/34612/Saiki_Kusuo_no_Ψ-nan_2,8.41,24,Finished Airing,J.C.Staff,TV Tokyo,Shounen,"Comedy, Gag Humor, School, Super Power"
191,Shingeki no Kyojin: Kuinaki Sentaku,https://myanimelist.net/anime/25781/Shingeki_no_Kyojin__Kuinaki_Sentaku,8.41,2,Finished Airing,Wit Studio,Production I.G,,Action
192,Violet Evergarden Gaiden: Eien to Jidou Shuki Ningyou,https://myanimelist.net/anime/39741/Violet_Evergarden_Gaiden__Eien_to_Jidou_Shuki_Ningyou,8.41,1,Finished Airing,Kyoto Animation,Shochiku,,Drama
193,Yuru Camp△ Movie,https://myanimelist.net/anime/38475/Yuru_Camp△_Movie,8.40,1,Finished Airing,C-Station,Sotsu,,"Slice of Life, Adult Cast, CGDCT, Iyashikei"
194,Girls Band Cry,https://myanimelist.net/anime/55102/Girls_Band_Cry,8.40,13,Finished Airing,Toei Animation,agehasprings,,"Drama, Music"
195,Kaguya-sama wa Kokurasetai: Tensai-tachi no Renai Zunousen,https://myanimelist.net/anime/37999/Kaguya-sama_wa_Kokurasetai__Tensai-tachi_no_Renai_Zunousen,8.40,12,Finished Airing,A-1 Pictures,Aniplex,Seinen,"Comedy, Romance, School"
196,Kamisama Hajimemashita: Kako-hen,https://myanimelist.net/anime/30709/Kamisama_Hajimemashita__Kako-hen,8.40,4,Finished Airing,TMS Entertainment,add some,Shoujo,"Comedy, Romance, Supernatural, Mythology, Time Travel"
197,Natsume Yuujinchou Roku Specials,https://myanimelist.net/anime/36275/Natsume_Yuujinchou_Roku_Specials,8.40,2,Finished Airing,Shuka,NAZ,Shoujo,"Slice of Life, Supernatural, Iyashikei, Mythology"
198,Josee to Tora to Sakana-tachi,https://myanimelist.net/anime/40787/Josee_to_Tora_to_Sakana-tachi,8.39,1,Finished Airing,Bones,Shochiku,,"Drama, Romance, Adult Cast, Visual Arts"
199,Karakai Jouzu no Takagi-san 3,https://myanimelist.net/anime/49721/Karakai_Jouzu_no_Takagi-san_3,8.39,12,Finished Airing,Shin-Ei Animation,Shogakukan-Shueisha Productions,Shounen,"Comedy, Love Status Quo, School"
200,Major S5,https://myanimelist.net/anime/5028/Major_S5,8.39,25,Finished Airing,SynergySP,Shogakukan-Shueisha Productions,Shounen,"Sports, Team Sports"
201,Sayonara no Asa ni Yakusoku no Hana wo Kazarou,https://myanimelist.net/anime/35851/Sayonara_no_Asa_ni_Yakusoku_no_Hana_wo_Kazarou,8.39,1,Finished Airing,P.A. Works,Bandai Visual,,"Drama, Fantasy"
202,Vivy: Fluorite Eye's Song,https://myanimelist.net/anime/46095/Vivy__Fluorite_Eyes_Song,8.39,13,Finished Airing,Wit Studio,Aniplex,,"Action, Sci-Fi, Suspense, Music, Time Travel"
203,Blue Giant,https://myanimelist.net/anime/50183/Blue_Giant,8.39,1,Finished Airing,Nut,TOHO animation,Seinen,Music
204,Houseki no Kuni,https://myanimelist.net/anime/35557/Houseki_no_Kuni,8.39,12,Finished Airing,Orange,Mainichi Broadcasting System,Seinen,"Action, Drama, Fantasy, Mystery, Anthropomorphic"
205,Chihayafuru 2,https://myanimelist.net/anime/14397/Chihayafuru_2,8.38,25,Finished Airing,Madhouse,VAP,Josei,"Drama, Sports, Love Polygon, School, Strategy Game"
206,Cowboy Bebop: Tengoku no Tobira,https://myanimelist.net/anime/5/Cowboy_Bebop__Tengoku_no_Tobira,8.38,1,Finished Airing,Bones,Sunrise,,"Action, Sci-Fi, Adult Cast, Space"
207,Fruits Basket: Prelude,https://myanimelist.net/anime/49310/Fruits_Basket__Prelude,8.38,1,Finished Airing,TMS Entertainment,TV Tokyo,Shoujo,"Drama, Romance"
208,Gintama°: Aizome Kaori-hen,https://myanimelist.net/anime/32366/Gintama°__Aizome_Kaori-hen,8.38,2,Finished Airing,Bandai Namco Pictures,TV Tokyo,Shounen,"Comedy, Gag Humor, Parody"
209,Kaze ga Tsuyoku Fuiteiru,https://myanimelist.net/anime/37965/Kaze_ga_Tsuyoku_Fuiteiru,8.38,23,Finished Airing,Production I.G,Movic,,"Drama, Sports, Adult Cast, Racing"
210,Made in Abyss Movie 2: Hourou Suru Tasogare,https://myanimelist.net/anime/37515/Made_in_Abyss_Movie_2__Hourou_Suru_Tasogare,8.38,1,Finished Airing,Kinema Citrus,AT-X,,"Adventure, Drama, Fantasy, Mystery, Sci-Fi, Gore"
211,Ramayana: The Legend of Prince Rama,https://myanimelist.net/anime/4921/Ramayana__The_Legend_of_Prince_Rama,8.38,1,Finished Airing,Nippon Ramayana Film Co.,"TEM Co., Ltd.",,Adventure
212,Kara no Kyoukai Movie 7: Satsujin Kousatsu (Go),https://myanimelist.net/anime/5205/Kara_no_Kyoukai_Movie_7__Satsujin_Kousatsu_Go,8.37,1,Finished Airing,ufotable,Notes,,"Action, Fantasy, Mystery, Romance, Suspense, Urban Fantasy"
213,Kono Subarashii Sekai ni Shukufuku wo! 3,https://myanimelist.net/anime/49458/Kono_Subarashii_Sekai_ni_Shukufuku_wo_3,8.37,11,Finished Airing,Drive,Half H.P Studio,,"Adventure, Comedy, Fantasy, Isekai, Parody"
214,Mahou Shoujo Madoka★Magica,https://myanimelist.net/anime/9756/Mahou_Shoujo_Madoka★Magica,8.37,12,Finished Airing,Shaft,Aniplex,,"Award Winning, Drama, Suspense, Mahou Shoujo, Psychological"
215,Mahou Shoujo Madoka★Magica Movie 2: Eien no Monogatari,https://myanimelist.net/anime/11979/Mahou_Shoujo_Madoka★Magica_Movie_2__Eien_no_Monogatari,8.37,1,Finished Airing,Shaft,Aniplex,,"Drama, Suspense, Mahou Shoujo, Psychological"
216,3-gatsu no Lion,https://myanimelist.net/anime/31646/3-gatsu_no_Lion,8.37,22,Finished Airing,Shaft,Aniplex,Seinen,"Drama, Childcare, Strategy Game"
217,Barakamon,https://myanimelist.net/anime/22789/Barakamon,8.37,12,Finished Airing,Kinema Citrus,VAP,,"Slice of Life, Childcare, Iyashikei, Visual Arts"
218,Cross Game,https://myanimelist.net/anime/5941/Cross_Game,8.37,50,Finished Airing,SynergySP,TV Tokyo,Shounen,"Drama, Romance, Sports, School, Team Sports"
219,Haikyuu!! To the Top,https://myanimelist.net/anime/38883/Haikyuu_To_the_Top,8.37,13,Finished Airing,Production I.G,Dentsu,Shounen,"Sports, School, Team Sports"
220,Tensei shitara Slime Datta Ken 2nd Season,https://myanimelist.net/anime/39551/Tensei_shitara_Slime_Datta_Ken_2nd_Season,8.37,12,Finished Airing,8bit,Kodansha,Shounen,"Action, Adventure, Comedy, Fantasy, Isekai, Reincarnation"
221,Kimetsu no Yaiba: Mugen Ressha-hen,https://myanimelist.net/anime/49926/Kimetsu_no_Yaiba__Mugen_Ressha-hen,8.36,7,Finished Airing,ufotable,Aniplex,Shounen,"Action, Supernatural, Historical"
222,Kizumonogatari I: Tekketsu-hen,https://myanimelist.net/anime/9260/Kizumonogatari_I__Tekketsu-hen,8.36,1,Finished Airing,Shaft,Aniplex,,"Action, Mystery, Supernatural, Vampire"
223,Meitantei Conan Movie 26: Kurogane no Submarine,https://myanimelist.net/anime/53540/Meitantei_Conan_Movie_26__Kurogane_no_Submarine,8.36,1,Finished Airing,TMS Entertainment,Shogakukan-Shueisha Productions,Shounen,"Action, Mystery, Detective"
224,Mushoku Tensei: Isekai Ittara Honki Dasu,https://myanimelist.net/anime/39535/Mushoku_Tensei__Isekai_Ittara_Honki_Dasu,8.36,11,Finished Airing,Studio Bind,Frontier Works,,"Adventure, Drama, Fantasy, Ecchi, Isekai, Reincarnation"
225,Non Non Biyori Nonstop,https://myanimelist.net/anime/39808/Non_Non_Biyori_Nonstop,8.36,12,Finished Airing,SILVER LINK.,TV Tokyo,Seinen,"Slice of Life, CGDCT, Iyashikei"
226,Gintama: Shiroyasha Koutan,https://myanimelist.net/anime/6945/Gintama__Shiroyasha_Koutan,8.36,1,Finished Airing,Sunrise,add some,,"Action, Comedy, Sci-Fi, Historical, Parody"
227,Baccano!,https://myanimelist.net/anime/2251/Baccano,8.35,13,Finished Airing,Brain's Base,Aniplex,,"Action, Mystery, Supernatural, Adult Cast, Historical, Organized Crime"
228,Hellsing Ultimate,https://myanimelist.net/anime/777/Hellsing_Ultimate,8.35,10,Finished Airing,Madhouse,GDH,Seinen,"Action, Horror, Supernatural, Adult Cast, Gore, Military, Vampire"
229,Initial D First Stage,https://myanimelist.net/anime/185/Initial_D_First_Stage,8.35,26,Finished Airing,Gallop,OB Planning,Seinen,"Action, Drama, Racing"
230,Shinseiki Evangelion,https://myanimelist.net/anime/30/Shinseiki_Evangelion,8.35,26,Finished Airing,Gainax,TV Tokyo,,"Action, Avant Garde, Award Winning, Drama, Sci-Fi, Suspense, Mecha, Psychological"
231,Tunshi Xingkong 3rd Season,https://myanimelist.net/anime/56523/Tunshi_Xingkong_3rd_Season,8.35,33,Finished Airing,Sparkly Key Animation Studio,Tencent Animation & Comics,,"Action, Adventure, Fantasy, Sci-Fi, Martial Arts"
232,Yahari Ore no Seishun Love Comedy wa Machigatteiru. Kan,https://myanimelist.net/anime/39547/Yahari_Ore_no_Seishun_Love_Comedy_wa_Machigatteiru_Kan,8.35,12,Finished Airing,feel.,Marvelous Entertainment,,"Comedy, Romance, Love Polygon, School"
233,K-On! Movie,https://myanimelist.net/anime/9617/K-On_Movie,8.35,1,Finished Airing,Kyoto Animation,Pony Canyon,,"Award Winning, Comedy, CGDCT, Music"
234,Kaze no Tani no Nausicaä,https://myanimelist.net/anime/572/Kaze_no_Tani_no_Nausicaä,8.35,1,Finished Airing,Topcraft,Omnibus Promotion,,"Adventure, Award Winning, Fantasy"
235,Bakuman. 2nd Season,https://myanimelist.net/anime/10030/Bakuman_2nd_Season,8.34,25,Finished Airing,J.C.Staff,NHK,Shounen,"Comedy, Drama, Romance, Otaku Culture"
236,Fumetsu no Anata e,https://myanimelist.net/anime/41025/Fumetsu_no_Anata_e,8.34,20,Finished Airing,Brain's Base,NHK,Shounen,"Adventure, Drama, Supernatural"
237,Girls & Panzer: Saishuushou Part 4,https://myanimelist.net/anime/39167/Girls___Panzer__Saishuushou_Part_4,8.34,1,Finished Airing,Actas,Bandai Visual,,"CGDCT, Military, School"
238,IDOLiSH7 Third Beat! Part 2,https://myanimelist.net/anime/46654/IDOLiSH7_Third_Beat_Part_2,8.34,17,Finished Airing,TROYCA,add some,,"Drama, Idols (Male), Music"
239,Versailles no Bara,https://myanimelist.net/anime/338/Versailles_no_Bara,8.34,40,Finished Airing,Tokyo Movie Shinsha,Nippon Television Network,Shoujo,"Drama, Romance, Historical, Military"
240,"Violet Evergarden: Kitto ""Ai"" wo Shiru Hi ga Kuru no Darou",https://myanimelist.net/anime/37095/Violet_Evergarden__Kitto_Ai_wo_Shiru_Hi_ga_Kuru_no_Darou,8.34,1,Finished Airing,Kyoto Animation,Lantis,,Drama
241,Wu Shan Wu Xing: Xichuan Huan Zi Lin,https://myanimelist.net/anime/50407/Wu_Shan_Wu_Xing__Xichuan_Huan_Zi_Lin,8.34,4,Finished Airing,Samsara Animation Studio,bilibili,,"Action, Fantasy, Supernatural, Historical, Martial Arts"
242,Usagi Drop,https://myanimelist.net/anime/10162/Usagi_Drop,8.33,11,Finished Airing,Production I.G,Dentsu,Josei,"Slice of Life, Childcare, Iyashikei"
243,Kage no Jitsuryokusha ni Naritakute! 2nd Season,https://myanimelist.net/anime/54595/Kage_no_Jitsuryokusha_ni_Naritakute_2nd_Season,8.33,12,Finished Airing,Nexus,AT-X,,"Action, Comedy, Fantasy, Isekai, Reincarnation"
244,Kidou Senshi Gundam: The Origin,https://myanimelist.net/anime/10937/Kidou_Senshi_Gundam__The_Origin,8.33,6,Finished Airing,Sunrise,Sotsu,Shounen,"Action, Sci-Fi, Mecha, Military, Space"
245,Kiseijuu: Sei no Kakuritsu,https://myanimelist.net/anime/22535/Kiseijuu__Sei_no_Kakuritsu,8.33,24,Finished Airing,Madhouse,VAP,Seinen,"Action, Horror, Sci-Fi, Suspense, Gore, Psychological"
246,Natsume Yuujinchou: Itsuka Yuki no Hi ni,https://myanimelist.net/anime/20651/Natsume_Yuujinchou__Itsuka_Yuki_no_Hi_ni,8.33,1,Finished Airing,Brain's Base,Aniplex,Shoujo,"Slice of Life, Supernatural, Iyashikei, Mythology"
247,One Outs,https://myanimelist.net/anime/5040/One_Outs,8.33,25,Finished Airing,Madhouse,VAP,Seinen,"Sports, Suspense, Adult Cast, Psychological, Team Sports"
248,Psycho-Pass,https://myanimelist.net/anime/13601/Psycho-Pass,8.33,22,Finished Airing,Production I.G,Dentsu,,"Action, Mystery, Sci-Fi, Suspense, Adult Cast, Detective, Psychological"
249,Re:Zero kara Hajimeru Isekai Seikatsu 2nd Season,https://myanimelist.net/anime/39587/Re_Zero_kara_Hajimeru_Isekai_Seikatsu_2nd_Season,8.33,13,Finished Airing,White Fox,AT-X,,"Drama, Fantasy, Suspense, Isekai, Psychological, Time Travel"
250,Douluo Dalu 2nd Season,https://myanimelist.net/anime/37822/Douluo_Dalu_2nd_Season,8.33,237,Finished Airing,Sparkly Key Animation Studio,Tencent Penguin Pictures,,"Action, Adventure, Fantasy, Supernatural, Historical, Martial Arts"
251,Dr. Stone: New World Part 2,https://myanimelist.net/anime/55644/Dr_Stone__New_World_Part_2,8.33,11,Finished Airing,TMS Entertainment,TOHO animation,Shounen,"Adventure, Comedy, Sci-Fi"
252,Hibike! Euphonium 2,https://myanimelist.net/anime/31988/Hibike_Euphonium_2,8.33,13,Finished Airing,Kyoto Animation,Lantis,,"Drama, Music, Performing Arts, School"
253,Bakemonogatari,https://myanimelist.net/anime/5081/Bakemonogatari,8.32,15,Finished Airing,Shaft,Aniplex,,"Mystery, Romance, Supernatural, Vampire"
254,Fate/stay night: Unlimited Blade Works 2nd Season,https://myanimelist.net/anime/28701/Fate_stay_night__Unlimited_Blade_Works_2nd_Season,8.32,13,Finished Airing,ufotable,Aniplex,,"Action, Fantasy, Urban Fantasy"
255,Tensei shitara Slime Datta Ken 2nd Season Part 2,https://myanimelist.net/anime/41487/Tensei_shitara_Slime_Datta_Ken_2nd_Season_Part_2,8.32,12,Finished Airing,8bit,Kodansha,Shounen,"Action, Adventure, Comedy, Fantasy, Isekai, Reincarnation"
256,Uchuu Senkan Yamato 2199,https://myanimelist.net/anime/12029/Uchuu_Senkan_Yamato_2199,8.32,26,Finished Airing,Xebec,Production I.G,,"Action, Drama, Sci-Fi, Adult Cast, Military, Space"
257,Violet Evergarden: Recollections,https://myanimelist.net/anime/53672/Violet_Evergarden__Recollections,8.32,1,Finished Airing,Kyoto Animation,add some,,Drama
258,86,https://myanimelist.net/anime/41457/86,8.31,11,Finished Airing,A-1 Pictures,Aniplex,,"Action, Drama, Sci-Fi, Mecha, Military"
259,Ashita no Joe,https://myanimelist.net/anime/2402/Ashita_no_Joe,8.31,79,Finished Airing,Mushi Production,Fuji TV,Shounen,"Drama, Sports, Combat Sports"
260,Ginga Eiyuu Densetsu: Die Neue These - Gekitotsu,https://myanimelist.net/anime/42886/Ginga_Eiyuu_Densetsu__Die_Neue_These_-_Gekitotsu,8.31,12,Finished Airing,Production I.G,Shochiku,,"Drama, Sci-Fi, Adult Cast, Military, Space"
261,Given,https://myanimelist.net/anime/39533/Given,8.31,11,Finished Airing,Lerche,Aniplex,,"Boys Love, Drama, Music, School"
262,Hunter x Hunter: Original Video Animation,https://myanimelist.net/anime/137/Hunter_x_Hunter__Original_Video_Animation,8.31,8,Finished Airing,Nippon Animation,add some,Shounen,"Action, Adventure, Fantasy"
263,Kaijuu 8-gou,https://myanimelist.net/anime/52588/Kaijuu_8-gou,8.31,12,Finished Airing,Production I.G,TV Tokyo,Shounen,"Action, Sci-Fi, Adult Cast, Military"
264,Major S6,https://myanimelist.net/anime/7655/Major_S6,8.31,25,Finished Airing,SynergySP,Shogakukan-Shueisha Productions,Shounen,"Sports, Team Sports"
265,Natsume Yuujinchou Go Specials,https://myanimelist.net/anime/34534/Natsume_Yuujinchou_Go_Specials,8.31,2,Finished Airing,Shuka,add some,Shoujo,"Slice of Life, Supernatural, Iyashikei, Mythology"
266,NHK ni Youkoso!,https://myanimelist.net/anime/1210/NHK_ni_Youkoso,8.31,24,Finished Airing,Gonzo,Victor Entertainment,,"Comedy, Drama, Romance, Suspense, Adult Cast, Otaku Culture, Psychological"
267,Ookami to Koushinryou II,https://myanimelist.net/anime/5341/Ookami_to_Koushinryou_II,8.31,12,Finished Airing,Brain's Base,Imagin,,"Adventure, Drama, Romance, Supernatural, Adult Cast"
268,Romeo no Aoi Sora,https://myanimelist.net/anime/2559/Romeo_no_Aoi_Sora,8.31,33,Finished Airing,Nippon Animation,add some,,"Adventure, Drama, Historical"
269,Sasaki to Miyano Movie: Sotsugyou-hen,https://myanimelist.net/anime/51440/Sasaki_to_Miyano_Movie__Sotsugyou-hen,8.31,1,Finished Airing,Studio Deen,Frontier Works,,"Boys Love, Otaku Culture, School"
270,Seishun Buta Yarou wa Randoseru Girl no Yume wo Minai,https://myanimelist.net/anime/54870/Seishun_Buta_Yarou_wa_Randoseru_Girl_no_Yume_wo_Minai,8.31,1,Finished Airing,CloverWorks,Aniplex,,"Drama, Romance, Supernatural, School"
271,Katanagatari,https://myanimelist.net/anime/6594/Katanagatari,8.30,12,Finished Airing,White Fox,Aniplex,,"Action, Adventure, Romance, Historical, Martial Arts"
272,Kemono no Souja Erin,https://myanimelist.net/anime/5420/Kemono_no_Souja_Erin,8.30,50,Finished Airing,Production I.G,NHK,,"Drama, Fantasy"
273,Kingdom 2nd Season,https://myanimelist.net/anime/17389/Kingdom_2nd_Season,8.30,39,Finished Airing,Pierrot,NHK,Seinen,"Action, Historical, Military"
274,Luo Xiao Hei Zhan Ji (Movie),https://myanimelist.net/anime/40211/Luo_Xiao_Hei_Zhan_Ji_Movie,8.30,1,Finished Airing,HMCH,add some,,"Adventure, Drama, Fantasy"
275,Natsume Yuujinchou,https://myanimelist.net/anime/4081/Natsume_Yuujinchou,8.30,13,Finished Airing,Brain's Base,TV Tokyo,Shoujo,"Slice of Life, Supernatural, Iyashikei, Mythology"
276,Boku dake ga Inai Machi,https://myanimelist.net/anime/31043/Boku_dake_ga_Inai_Machi,8.30,12,Finished Airing,A-1 Pictures,Aniplex,Seinen,"Mystery, Suspense, Psychological, Time Travel"
277,Diamond no Ace: Second Season,https://myanimelist.net/anime/30230/Diamond_no_Ace__Second_Season,8.30,51,Finished Airing,Production I.G,TV Tokyo,Shounen,"Sports, School, Team Sports"
278,Evangelion Movie 2: Ha,https://myanimelist.net/anime/3784/Evangelion_Movie_2__Ha,8.30,1,Finished Airing,Khara,add some,,"Action, Drama, Sci-Fi, Suspense, Mecha, Psychological"
279,Ginga Eiyuu Densetsu: Die Neue These - Sakubou,https://myanimelist.net/anime/51805/Ginga_Eiyuu_Densetsu__Die_Neue_These_-_Sakubou,8.30,12,Finished Airing,Production I.G,Shochiku,,"Drama, Sci-Fi, Adult Cast, Military, Space"
280,Ano Hi Mita Hana no Namae wo Bokutachi wa Mada Shiranai.,https://myanimelist.net/anime/9989/Ano_Hi_Mita_Hana_no_Namae_wo_Bokutachi_wa_Mada_Shiranai,8.29,11,Finished Airing,A-1 Pictures,Aniplex,,"Drama, Supernatural"
281,Beck,https://myanimelist.net/anime/57/Beck,8.29,26,Finished Airing,Madhouse,Marvelous Entertainment,Shounen,"Drama, Music"
282,Initial D Final Stage,https://myanimelist.net/anime/22507/Initial_D_Final_Stage,8.29,4,Finished Airing,SynergySP,Avex Entertainment,Seinen,Racing
283,Steins;Gate: Oukoubakko no Poriomania,https://myanimelist.net/anime/10863/Steins_Gate__Oukoubakko_no_Poriomania,8.29,1,Finished Airing,White Fox,Frontier Works,,"Comedy, Sci-Fi, Time Travel"
284,Tunshi Xingkong 2nd Season,https://myanimelist.net/anime/49571/Tunshi_Xingkong_2nd_Season,8.29,26,Finished Airing,Sparkly Key Animation Studio,Tencent Animation & Comics,,"Action, Adventure, Fantasy, Sci-Fi, Martial Arts"
285,Kuroko no Basket 3rd Season,https://myanimelist.net/anime/24415/Kuroko_no_Basket_3rd_Season,8.29,25,Finished Airing,Production I.G,Bandai Visual,Shounen,"Sports, School, Team Sports"
286,Meitantei Conan Movie 06: Baker Street no Bourei,https://myanimelist.net/anime/1365/Meitantei_Conan_Movie_06__Baker_Street_no_Bourei,8.29,1,Finished Airing,TMS Entertainment,add some,Shounen,"Adventure, Mystery, Detective"
287,Sakamichi no Apollon,https://myanimelist.net/anime/12531/Sakamichi_no_Apollon,8.29,12,Finished Airing,Tezuka Productions,Dentsu,Josei,"Drama, Romance, Historical, Love Polygon, Music, School"
288,Kino no Tabi: The Beautiful World,https://myanimelist.net/anime/486/Kino_no_Tabi__The_Beautiful_World,8.28,13,Finished Airing,A.C.G.T.,WOWOW,,"Adventure, Drama, Fantasy"
289,Major: World Series,https://myanimelist.net/anime/11917/Major__World_Series,8.28,2,Finished Airing,SynergySP,add some,Shounen,"Sports, Team Sports"
290,Redline,https://myanimelist.net/anime/6675/Redline,8.28,1,Finished Airing,Madhouse,Tohokushinsha Film Corporation,,"Action, Sci-Fi, Adult Cast, Racing"
291,Rurouni Kenshin: Meiji Kenkaku Romantan,https://myanimelist.net/anime/45/Rurouni_Kenshin__Meiji_Kenkaku_Romantan,8.28,94,Finished Airing,Gallop,Aniplex,Shounen,"Action, Comedy, Romance, Historical, Samurai"
292,Doukyuusei,https://myanimelist.net/anime/30346/Doukyuusei,8.28,1,Finished Airing,A-1 Pictures,Aniplex,,"Boys Love, School"
293,Gintama: Shinyaku Benizakura-hen,https://myanimelist.net/anime/9735/Gintama__Shinyaku_Benizakura-hen,8.28,1,Finished Airing,Sunrise,add some,Shounen,"Action, Comedy, Sci-Fi, Historical, Parody, Samurai"
294,Suzume no Tojimari,https://myanimelist.net/anime/50594/Suzume_no_Tojimari,8.28,1,Finished Airing,CoMix Wave Films,Aniplex,,"Adventure, Supernatural, Mythology"
295,Tokyo Godfathers,https://myanimelist.net/anime/759/Tokyo_Godfathers,8.28,1,Finished Airing,Madhouse,Dentsu,,"Award Winning, Comedy, Drama, Childcare"
296,Yuukoku no Moriarty Part 2,https://myanimelist.net/anime/43325/Yuukoku_no_Moriarty_Part_2,8.28,13,Finished Airing,Production I.G,Mainichi Broadcasting System,Shounen,"Mystery, Suspense, Adult Cast, Historical, Organized Crime, Psychological"
297,Shirobako,https://myanimelist.net/anime/25835/Shirobako,8.27,24,Finished Airing,P.A. Works,Sotsu,,"Award Winning, Comedy, Drama, Adult Cast, Otaku Culture, Workplace"
298,Tenki no Ko,https://myanimelist.net/anime/38826/Tenki_no_Ko,8.27,1,Finished Airing,CoMix Wave Films,TOHO,,"Award Winning, Drama, Romance, Supernatural"
299,Yuru Camp△,https://myanimelist.net/anime/34798/Yuru_Camp△,8.27,12,Finished Airing,C-Station,Sotsu,,"Slice of Life, CGDCT, Iyashikei"
300,Kage no Jitsuryokusha ni Naritakute!,https://myanimelist.net/anime/48316/Kage_no_Jitsuryokusha_ni_Naritakute,8.27,20,Finished Airing,Nexus,AT-X,,"Action, Comedy, Fantasy, Isekai, Reincarnation"
